importo,sconto,qta,fl_coop_i,fl_bio_i,fl_celiaci_i,fl_dop_i,fl_igp_i,fl_tipico_i,fl_solidale_i,fl_docg_i,fl_volantino_i,fl_distrettuale_i,set_i0,set_i1,set_i2,set_i3,set_i4,set_i5,set_i6,set_i7,set_i8,set_i9,set_i10,set_i11,set_i12,mset_i0,mset_i1,mset_i2,mset_i3,presmkt_i0,presmkt_i1,presmkt_i2,presmkt_i3,presmkt_i4,presmkt_i5,presmkt_i6,presmkt_i7,presmkt_i8,presmkt_i9,presmkt_i10,ruolo_i0,ruolo_i1,ruolo_i2,ruolo_i3,ruolo_i4,ruolo_i5,ruolo_i6,target_i0,target_i1,target_i2,target_i3,target_i4,esp_i0,esp_i1,esp_i2,esp_i3,esp_i4,esp_i5,esp_i6,esp_i7,esp_i8,eta,negozio_comune,negozio_prov,negozio_regione,negozio_tipo,categoria,cooperativa,sesso,stato_civile,professione,titolo_studio,cliente_comune,cliente_prov,cliente_regione,anno_socio,perc_importo,target
158.25,35.39,82.0,21.22,0.0,0.0,0.0,7.02,2.58,0.0,0.0,0.0,0.0,0.0,0.0,13.99,0.0,0.0,0.0,0.0,0.0,55.31,0.0,13.17,75.7,0.08,75.7,68.48,13.99,0.08,75.31,0.0,5.33,7.25,9.74,4.17,23.76,23.61,0.0,0.0,9.08,83.67,0.0,10.88,0.0,0.0,0.0,63.7,63.7,83.67,10.88,0.0,0.0,83.67,0.0,27.08,20.79,0.0,9.05,0.0,0.0,17.66,45,AMELIA,TR,UMBRIA,G,Socio UNICOOP Tirreno,UNICOOP TIRRENO,Donna,Non indicato,IMPIEGATO,NON DISPONIBILE,NARNI,TR,UMBRIA,2000,1.0,0
61.26,12.27,24.0,37.87,0.0,0.0,0.0,0.0,2.48,0.0,0.0,0.0,0.0,0.0,0.0,0.55,0.0,0.0,0.0,0.0,0.0,8.32,0.0,42.36,9.95,0.08,9.95,50.68,0.55,0.08,6.96,0.0,2.48,0.0,0.0,0.0,11.81,39.46,0.0,0.55,0.0,22.46,0.0,0.0,0.0,0.0,0.0,38.8,27.21,22.46,11.59,0.0,0.0,22.46,0.0,0.0,2.69,0.0,2.02,0.0,0.0,34.09,62,ORTE,VT,LAZIO,G,Socio UNICOOP Tirreno,UNICOOP TIRRENO,Donna,Coniugato,IMPIEGATO,MEDIA INFERIORE,ORTE,VT,LAZIO,1988,0.88679785,0
25.44,7.59,11.0,0.68,0.0,0.0,0.0,0.0,0.0,0.0,0.0,0.0,0.0,0.0,0.0,0.0,0.0,0.0,12.9,0.0,0.0,1.6,0.0,5.21,5.73,0.0,5.73,6.81,12.9,0.0,20.56,0.0,0.0,0.0,0.0,0.0,3.11,0.68,0.0,1.09,0.0,6.3,0.0,12.9,0.0,0.0,0.0,6.24,6.24,6.3,0.0,0.0,12.9,6.3,0.0,3.96,14.5,0.0,0.0,0.0,0.0,0.68,62,GROSSETO,GR,TOSCANA,S,Socio UNICOOP Tirreno,UNICOOP TIRRENO,Donna,Coniugato,ENTE PUBBLICO,NON DISPONIBILE,GROSSETO,GR,TOSCANA,1997,0.33394593,0
39.59,0.0,9.0,0.97,0.0,0.0,0.0,0.0,0.0,0.0,0.0,0.0,0.0,31.9,0.0,0.0,0.0,0.0,0.0,0.0,0.0,2.61,0.0,0.68,4.32,0.08,4.32,3.29,31.9,0.08,35.44,0.0,0.0,0.0,0.57,0.0,2.61,0.97,0.0,0.0,0.0,39.59,0.0,0.0,0.0,0.0,0.0,0.0,0.0,39.59,0.0,0.0,0.0,39.59,0.0,0.0,0.0,0.0,0.0,0.0,0.0,0.0,66,ROSIGNANO SOLVAY,LI,TOSCANA,S,Socio UNICOOP Tirreno,UNICOOP TIRRENO,Uomo ,Non indicato,IMPIEGATO,MEDIA SUPERIORE,ROSIGNANO MARITTIMO,LI,TOSCANA,2004,1.0,0
118.75,8.36,144.0,45.14,1.19,0.0,2.25,0.0,0.0,0.0,0.0,0.0,0.0,0.0,1.5,21.41,0.0,0.0,0.0,0.0,0.0,2.25,0.0,23.5,69.77,0.32,69.77,25.75,21.41,1.82,30.97,0.0,5.88,13.2,10.08,0.0,11.89,45.14,0.0,0.0,1.59,107.84,0.0,0.0,0.0,0.0,0.0,10.91,10.91,107.84,0.0,0.0,0.0,107.84,0.0,3.18,5.06,0.0,0.0,0.0,0.0,2.67,47,SANTA MARIA CAPUA VETERE,CE,CAMPANIA,S,Socio UNICOOP Tirreno,UNICOOP TIRRENO,Uomo ,Coniugato,MILITARE DI CARRIERA,MEDIA SUPERIORE,CAPODRISE,CE,CAMPANIA,2000,1.0,0
8.44,3.2,8.0,0.0,0.0,0.0,0.0,0.0,0.0,0.0,0.0,0.0,0.0,0.0,0.0,0.0,0.0,0.0,0.0,0.0,0.0,1.79,0.0,0.0,6.65,0.0,6.65,1.79,0.0,0.0,0.0,0.0,0.0,0.0,5.08,0.0,3.36,0.0,0.0,0.0,0.0,3.36,0.0,3.29,0.0,0.0,0.0,1.79,1.79,3.36,3.29,0.0,0.0,3.36,0.0,3.29,1.79,0.0,0.0,0.0,0.0,0.0,53,ROMA,RM,LAZIO,S,Socio UNICOOP Tirreno,UNICOOP TIRRENO,Donna,Coniugato,OPERAIO,NON DISPONIBILE,ROMA,RM,LAZIO,1991,1.0,0
53.01,6.8,29.0,16.22,0.0,0.0,0.0,0.0,0.0,0.0,0.0,0.0,0.0,0.0,0.0,2.61,0.0,0.0,0.0,0.0,0.0,12.68,0.0,28.1,9.62,0.0,9.62,40.78,2.61,0.0,23.82,0.0,4.67,0.0,1.59,0.0,5.36,17.57,0.0,0.0,0.0,38.76,0.0,2.79,0.0,0.0,0.0,11.46,11.46,38.76,2.79,0.0,0.0,38.76,0.0,3.18,6.78,0.0,0.0,0.0,0.0,4.29,61,PIETRASANTA,LU,TOSCANA,S,Socio UNICOOP Tirreno,UNICOOP TIRRENO,Donna,Celibe,CASALINGA,NON DISPONIBILE,SERAVEZZA,LU,TOSCANA,1996,1.0,0
68.12,57.75,33.0,0.0,0.0,0.0,0.0,0.0,0.0,0.0,0.0,0.0,0.0,0.0,0.0,3.87,0.0,0.0,0.0,0.0,0.0,4.98,0.0,5.12,54.15,0.0,54.15,10.1,3.87,0.0,51.01,0.0,1.88,0.0,7.58,1.99,3.66,2.0,0.0,0.0,0.0,17.84,0.0,34.95,0.0,0.0,0.0,15.33,15.33,17.84,34.95,0.0,0.0,17.84,0.0,45.65,4.63,0.0,0.0,0.0,0.0,0.0,36,FOLLONICA,GR,TOSCANA,S,Socio UNICOOP Tirreno,UNICOOP TIRRENO,Donna,Celibe,CASALINGA,MEDIA INFERIORE,FOLLONICA,GR,TOSCANA,2001,1.0,1
236.34,17.88,194.0,74.74,0.0,0.0,0.0,0.0,0.0,0.0,0.0,0.0,0.0,0.0,0.0,23.72,2.5,0.0,0.0,0.0,0.0,42.79,0.0,65.15,102.1,0.08,102.1,107.94,26.22,0.08,79.48,0.0,6.57,0.0,16.82,2.94,31.62,75.7,0.0,22.32,0.89,183.89,0.0,3.36,0.0,0.0,0.0,49.09,49.09,183.89,3.36,0.0,0.0,183.89,0.0,16.89,9.23,0.0,0.0,0.0,0.0,26.33,49,RIBOLLA,GR,TOSCANA,G,Socio UNICOOP Tirreno,UNICOOP TIRRENO,Donna,Coniugato,LAVORATORE AUTONOMO,MEDIA SUPERIORE,ROCCASTRADA,GR,TOSCANA,2005,1.0,0
29.35,9.55,13.0,7.49,0.0,0.0,0.0,0.0,0.0,0.0,0.0,0.0,0.0,0.0,0.0,4.61,0.0,0.0,0.0,0.0,0.0,0.74,0.0,8.57,15.43,0.0,15.43,9.31,4.61,0.0,15.46,0.0,0.0,0.0,0.0,0.0,6.4,7.49,0.0,0.0,0.0,14.56,0.0,5.29,0.0,0.0,0.0,9.5,4.99,14.56,9.8,0.0,0.0,14.56,0.0,3.89,1.4,0.0,0.0,0.0,0.0,9.5,76,ROMA,RM,LAZIO,S,Socio UNICOOP Tirreno,UNICOOP TIRRENO,Uomo ,Coniugato,OPERAIO,NON DISPONIBILE,ROMA,RM,LAZIO,1989,1.0,1
12.2,4.71,6.0,3.16,0.0,0.0,0.0,0.0,0.0,0.0,0.0,0.0,0.0,0.0,0.0,0.0,0.0,0.0,0.0,0.0,0.0,0.0,0.0,7.16,5.04,0.0,5.04,7.16,0.0,0.0,3.8,0.0,0.0,0.0,0.0,0.0,5.24,3.16,0.0,0.0,0.0,5.71,0.0,0.0,0.0,0.0,0.0,6.49,6.49,5.71,0.0,0.0,0.0,5.71,0.0,5.04,1.45,0.0,0.0,0.0,0.0,0.0,87,GROSSETO,GR,TOSCANA,S,Socio UNICOOP Tirreno,UNICOOP TIRRENO,Donna,Coniugato,CASALINGA,NON DISPONIBILE,GROSSETO,GR,TOSCANA,1980,0.46868998,1
462.99,29.84,246.0,80.53,5.9,0.0,0.0,3.78,4.99,10.5,0.0,0.0,0.0,0.0,0.0,39.15,43.65,29.3,0.0,0.0,0.0,168.61,6.99,84.4,88.09,2.8,88.09,253.01,119.09,2.8,267.53,0.0,27.37,0.0,18.04,0.0,48.28,83.6,0.0,0.0,18.17,346.4,0.0,0.0,0.0,0.0,0.0,116.59,116.59,346.4,0.0,0.0,0.0,346.4,0.0,17.82,70.73,0.0,9.01,0.0,0.0,19.03,80,PIOMBINO,LI,TOSCANA,S,Socio UNICOOP Tirreno,UNICOOP TIRRENO,Donna,Coniugato,CASALINGA,ELEMENTARE,PIOMBINO,LI,TOSCANA,1987,1.0,0
34.92,6.77,22.0,4.54,0.0,0.0,0.0,0.0,0.0,0.0,0.0,0.0,0.0,0.0,0.0,0.0,0.0,0.0,0.0,0.0,0.0,17.99,0.0,6.37,10.56,0.0,10.56,24.36,0.0,0.0,15.14,0.0,2.82,0.0,6.58,0.0,1.88,5.71,0.0,0.0,2.79,22.53,0.0,6.58,0.0,0.0,0.0,5.81,5.81,22.53,6.58,0.0,0.0,22.53,0.0,7.6,4.79,0.0,0.0,0.0,0.0,0.0,57,ROMA,RM,LAZIO,S,Socio UNICOOP Tirreno,UNICOOP TIRRENO,Donna,Celibe,IMPIEGATO,MEDIA SUPERIORE,ROMA,RM,LAZIO,2000,1.0,0
33.06,3.51,9.0,1.0,0.0,0.0,0.0,0.0,0.0,0.0,0.0,0.0,0.0,0.0,0.0,2.99,0.0,0.0,1.0,0.0,0.0,8.88,17.5,2.69,0.0,0.0,0.0,11.57,21.49,0.0,20.29,0.0,0.0,0.0,2.79,0.0,8.98,1.0,0.0,0.0,0.0,21.8,0.0,2.79,0.0,0.0,0.0,8.47,5.78,21.8,5.48,0.0,0.0,21.8,0.0,2.99,8.27,0.0,0.0,0.0,0.0,0.0,99,ROMA,RM,LAZIO,I,Socio UNICOOP Tirreno,UNICOOP TIRRENO,Uomo ,Coniugato,PENSIONATO,ELEMENTARE,ROMA,RM,LAZIO,2003,1.0,0
296.01,10.94,51.0,32.89,0.0,0.0,0.0,0.0,0.0,0.0,0.0,0.0,0.0,189.95,0.0,15.13,10.0,0.0,0.0,0.0,0.0,18.41,0.0,38.8,23.72,0.0,23.72,57.21,215.08,0.0,225.5,0.0,7.78,0.0,0.0,6.84,21.65,34.24,0.0,0.0,0.0,248.99,0.0,4.65,0.0,0.0,0.0,42.37,31.53,248.99,15.49,0.0,0.0,248.99,0.0,24.95,4.65,0.0,0.0,0.0,0.0,17.42,80,LIVORNO,LI,TOSCANA,I,Socio UNICOOP Tirreno,UNICOOP TIRRENO,Uomo ,Celibe,PENSIONATO,NON DISPONIBILE,LIVORNO,LI,TOSCANA,1998,0.8183628,1
87.31,6.27,48.0,40.54,0.0,0.0,0.0,0.0,0.0,0.0,0.0,0.0,0.0,0.0,0.0,0.52,0.0,0.0,0.0,0.0,0.0,20.33,0.0,36.48,29.66,0.32,29.66,56.81,0.52,0.32,21.34,0.0,2.76,0.0,18.15,0.0,4.52,40.54,0.0,0.0,0.0,72.83,0.0,0.0,0.0,0.0,0.0,14.48,14.48,72.83,0.0,0.0,0.0,73.98,0.0,5.55,3.33,0.0,0.0,0.0,0.0,4.45,65,CAPRAROLA,VT,LAZIO,G,Socio UNICOOP Tirreno,UNICOOP TIRRENO,Uomo ,Coniugato,ARTIGIANO,MEDIA INFERIORE,CAPRAROLA,VT,LAZIO,2005,1.0,0
18.41,2.12,18.0,10.43,0.0,0.0,0.0,2.08,0.0,0.0,0.0,0.0,0.0,0.0,0.0,0.0,0.0,0.0,0.0,0.0,0.0,15.1,0.0,2.76,0.55,0.0,0.55,17.86,0.0,0.0,7.98,0.0,0.0,0.0,0.0,0.0,0.0,10.43,0.0,0.0,0.0,16.33,0.0,0.0,0.0,0.0,0.0,2.08,2.08,16.33,0.0,0.0,0.0,16.33,0.0,0.0,0.0,0.0,2.08,0.0,0.0,0.0,53,FOLLONICA,GR,TOSCANA,G,Socio UNICOOP Tirreno,UNICOOP TIRRENO,Uomo ,Coniugato,IMPIEGATO,NON DISPONIBILE,FOLLONICA,GR,TOSCANA,1997,0.97458977,1
63.2,7.58,22.0,2.25,0.0,0.0,0.0,0.0,0.0,0.0,0.0,0.0,0.0,0.0,0.0,0.0,0.0,0.0,0.0,0.0,0.0,37.39,0.0,11.44,14.37,0.0,14.37,48.83,0.0,0.0,48.19,0.0,0.36,0.0,7.28,0.0,5.12,2.25,0.0,0.0,0.0,53.33,0.0,5.49,0.0,0.0,0.0,4.38,1.69,53.33,8.18,0.0,0.0,53.33,0.0,5.49,4.38,0.0,0.0,0.0,0.0,0.0,92,FOLLONICA,GR,TOSCANA,S,Socio UNICOOP Tirreno,UNICOOP TIRRENO,Donna,Vedovo,PENSIONATO,NON DISPONIBILE,FOLLONICA,GR,TOSCANA,1998,1.0,0
87.25,10.05,52.0,34.5,0.0,0.0,0.0,0.0,0.0,0.0,0.0,0.0,0.0,0.0,0.0,12.06,0.0,0.0,0.0,0.0,0.0,15.84,0.0,25.45,33.9,0.0,33.9,41.29,12.06,0.0,34.39,0.0,2.19,0.0,5.96,0.0,6.12,34.5,0.0,0.0,4.09,66.23,0.0,7.1,0.0,0.0,0.0,13.92,13.92,66.23,7.1,0.0,0.0,66.23,0.0,0.69,7.1,0.0,0.0,0.0,0.0,13.23,73,GROSSETO,GR,TOSCANA,S,Socio UNICOOP Tirreno,UNICOOP TIRRENO,Donna,Coniugato,CASALINGA,NON DISPONIBILE,GROSSETO,GR,TOSCANA,1993,0.80906904,0
21.71,2.39,17.0,2.36,0.0,0.0,0.0,0.0,0.0,0.0,0.0,0.0,0.0,0.0,0.0,3.99,0.0,0.0,0.0,0.0,0.0,5.73,0.0,8.69,3.3,0.0,3.3,14.42,3.99,0.0,15.25,0.0,0.0,0.0,1.8,0.0,2.3,2.36,0.0,0.0,0.0,14.25,0.0,0.0,0.0,0.0,0.0,7.46,7.46,14.25,0.0,0.0,0.0,14.25,0.0,3.99,2.61,0.0,0.0,0.0,0.0,0.86,62,FOLLONICA,GR,TOSCANA,S,Socio UNICOOP Tirreno,UNICOOP TIRRENO,Uomo ,Coniugato,MILITARE DI CARRIERA,MEDIA SUPERIORE,GAVORRANO,GR,TOSCANA,1995,0.4297308,0
14.07,4.01,8.0,3.77,0.0,0.0,0.0,0.0,0.0,0.0,0.0,0.0,0.0,0.0,0.0,0.0,0.0,0.0,0.0,0.0,0.0,2.3,0.0,3.6,8.17,0.0,8.17,5.9,0.0,0.0,3.27,0.0,0.0,0.0,2.39,3.99,0.65,3.77,0.0,0.0,0.0,5.8,0.0,0.0,0.0,0.0,0.0,8.27,8.27,5.8,0.0,0.0,0.0,5.8,0.0,3.99,4.28,0.0,0.0,0.0,0.0,0.0,55,LIVORNO,LI,TOSCANA,S,Socio UNICOOP Tirreno,UNICOOP TIRRENO,Donna,Coniugato,IMPIEGATO,NON DISPONIBILE,LIVORNO,LI,TOSCANA,1998,0.13277343,0
83.96,1.81,41.0,24.72,0.0,0.0,0.0,4.33,0.0,0.0,0.0,0.0,0.0,0.0,0.0,4.99,0.0,0.0,0.0,0.0,0.0,46.21,0.0,19.04,12.82,0.9,12.82,65.25,4.99,0.9,22.07,0.0,4.99,0.0,6.4,2.15,20.38,25.44,0.0,0.69,1.84,76.11,0.0,0.0,0.0,0.0,0.0,7.85,7.85,76.11,0.0,0.0,0.0,76.11,0.0,0.0,1.58,0.0,0.0,0.0,0.0,6.27,42,LIVORNO,LI,TOSCANA,G,Socio UNICOOP Tirreno,UNICOOP TIRRENO,Donna,Coniugato,COOP CONSUMO,NON DISPONIBILE,LIVORNO,LI,TOSCANA,1992,0.22613053,0
62.75,25.93,42.0,15.1,0.0,0.0,0.0,0.0,0.0,0.0,0.0,0.0,0.0,0.0,-0.15,8.07,0.0,0.0,0.0,0.0,0.0,5.04,0.0,20.51,29.28,0.0,29.28,25.55,8.07,-0.15,28.98,0.0,3.59,0.0,6.92,1.68,6.48,15.1,0.0,0.0,0.0,34.43,0.0,-0.15,0.0,0.0,0.0,28.47,28.47,34.43,-0.15,0.0,0.0,34.43,0.0,15.35,6.07,0.0,0.0,0.0,0.0,6.9,61,SAN VINCENZO,LI,TOSCANA,S,Socio UNICOOP Tirreno,UNICOOP TIRRENO,Donna,Celibe,CASALINGA,NON DISPONIBILE,CAMPIGLIA MARITTIMA,LI,TOSCANA,1984,0.14762622,0
81.41,5.36,42.0,7.64,0.0,0.0,0.0,0.0,0.0,0.0,0.0,0.0,0.0,0.0,0.0,9.9,2.2,0.0,0.0,0.0,0.0,27.75,0.0,8.33,32.99,0.24,32.99,36.08,12.1,0.24,37.22,0.0,0.0,0.0,1.87,0.0,3.04,10.21,0.0,29.07,0.0,64.97,0.0,5.4,0.0,0.0,0.0,11.04,11.04,64.97,4.18,0.0,1.22,64.97,0.0,2.81,5.03,0.0,0.0,0.0,0.0,8.6,38,AVENZA,MS,TOSCANA,S,Socio UNICOOP Tirreno,UNICOOP TIRRENO,Donna,Celibe,DISOCCUPATO,MEDIA INFERIORE,CARRARA,MS,TOSCANA,2000,1.0,0
12.65,2.34,8.0,5.65,0.0,0.0,0.0,0.0,0.0,0.0,0.0,0.0,0.0,0.0,0.0,0.0,0.0,0.0,0.0,0.0,0.0,1.69,0.0,10.96,0.0,0.0,0.0,12.65,0.0,0.0,3.96,0.0,0.0,0.0,0.0,0.0,3.04,5.65,0.0,0.0,0.0,7.93,0.0,0.0,0.0,0.0,0.0,4.72,4.72,7.93,0.0,0.0,0.0,7.93,0.0,0.0,4.72,0.0,0.0,0.0,0.0,0.0,68,SAN VINCENZO,LI,TOSCANA,S,Socio UNICOOP Tirreno,UNICOOP TIRRENO,Donna,Coniugato,CASALINGA,NON DISPONIBILE,CAMPIGLIA MARITTIMA,LI,TOSCANA,1987,0.302994,1
15.09,2.44,14.0,3.6,0.0,0.0,0.0,0.0,0.0,0.0,0.0,0.0,0.0,0.0,0.0,0.0,0.0,0.0,0.0,0.0,0.0,9.72,0.0,2.17,3.12,0.08,3.12,11.89,0.0,0.08,8.37,0.0,0.0,0.0,0.0,0.0,3.12,3.6,0.0,0.0,0.0,8.89,0.0,0.0,0.0,0.0,0.0,6.2,6.2,8.89,0.0,0.0,0.0,8.89,0.0,0.0,6.2,0.0,0.0,0.0,0.0,0.0,94,POMEZIA,RM,LAZIO,S,Socio UNICOOP Tirreno,UNICOOP TIRRENO,Uomo ,Coniugato,PENSIONATO,NON DISPONIBILE,POMEZIA,RM,LAZIO,2000,1.0,1
15.02,0.29,13.0,1.26,0.0,0.0,0.0,0.0,0.0,0.0,0.0,0.0,0.0,0.0,0.0,0.0,0.0,0.0,0.0,0.0,0.0,7.56,0.0,4.67,2.79,0.0,2.79,12.23,0.0,0.0,4.07,0.0,0.0,0.0,6.63,0.0,3.06,1.26,0.0,0.0,0.0,13.87,0.0,0.0,0.0,0.0,0.0,1.15,1.15,13.87,0.0,0.0,0.0,13.87,0.0,0.0,1.15,0.0,0.0,0.0,0.0,0.0,61,POMEZIA,RM,LAZIO,G,Socio UNICOOP Tirreno,UNICOOP TIRRENO,Uomo ,Coniugato,OPERAIO,NON DISPONIBILE,POMEZIA,RM,LAZIO,2005,0.16834791,0
647.75,91.87,304.0,171.64,1.94,0.0,0.0,0.0,0.0,0.0,0.0,0.0,0.0,10.0,0.0,89.25,5.8,0.0,21.8,0.0,0.0,141.8,7.95,239.25,131.9,0.0,131.9,381.05,134.8,0.0,372.71,0.0,11.93,7.98,35.12,0.0,25.59,176.99,0.0,11.28,6.15,473.77,0.0,37.71,0.0,2.96,0.0,133.31,127.2,473.77,46.78,0.0,0.0,473.77,0.0,33.83,87.02,0.0,0.0,0.0,0.0,53.13,59,ROMA,RM,LAZIO,S,Socio UNICOOP Tirreno,UNICOOP TIRRENO,Donna,Coniugato,CASALINGA,NON DISPONIBILE,CAMPAGNANO DI ROMA,RM,LAZIO,2001,1.0,0
51.92,0.8,7.0,5.3,0.0,0.0,0.0,0.0,0.0,0.0,0.0,0.0,0.0,0.0,0.0,0.0,0.0,0.0,0.0,0.0,0.0,0.0,48.72,0.0,3.2,0.0,3.2,0.0,48.72,0.0,43.32,0.0,0.0,0.0,0.0,0.0,0.0,8.6,0.0,0.0,0.0,48.72,0.0,0.0,0.0,0.0,0.0,3.2,3.2,48.72,0.0,0.0,0.0,48.72,0.0,0.0,0.0,0.0,0.0,0.0,0.0,3.2,51,PIOMBINO,LI,TOSCANA,S,Socio UNICOOP Tirreno,UNICOOP TIRRENO,Uomo ,Coniugato,ENTE PUBBLICO,NON DISPONIBILE,SAN VINCENZO,LI,TOSCANA,1993,0.1556915,0
118.22,0.0,32.0,17.74,0.0,3.89,0.0,0.0,0.0,0.0,0.0,0.0,0.0,15.99,0.0,11.34,0.0,0.0,0.0,0.0,0.0,10.2,0.0,57.09,23.6,0.0,23.6,67.29,27.33,0.0,56.13,0.0,4.25,0.0,0.0,0.0,40.1,17.74,0.0,0.0,0.0,118.22,0.0,0.0,0.0,0.0,0.0,0.0,0.0,118.22,0.0,0.0,0.0,118.22,0.0,0.0,0.0,0.0,0.0,0.0,0.0,0.0,61,LIVORNO,LI,TOSCANA,I,Socio UNICOOP Tirreno,UNICOOP TIRRENO,Donna,Coniugato,ENTE PUBBLICO,NON DISPONIBILE,LIVORNO,LI,TOSCANA,1984,1.0,0
56.66,8.69,36.0,6.08,0.0,0.0,0.0,0.0,0.0,0.0,0.0,0.0,0.0,0.0,-0.09,0.0,25.3,0.0,0.0,0.0,0.0,3.18,0.0,7.01,21.1,0.16,21.1,10.19,25.3,0.07,33.97,0.0,1.5,0.0,0.0,0.0,9.39,6.08,0.0,3.07,2.65,38.26,0.0,0.0,0.0,0.0,0.0,18.4,18.4,38.26,0.0,0.0,0.0,38.26,0.0,4.64,13.76,0.0,0.0,0.0,0.0,0.0,45,VIAREGGIO,LU,TOSCANA,S,Socio UNICOOP Tirreno,UNICOOP TIRRENO,Uomo ,Coniugato,LAVORATORE AUTONOMO,NON DISPONIBILE,MASSAROSA,LU,TOSCANA,2007,0.33712143,1
296.39,37.68,153.0,161.82,2.99,0.0,0.0,0.0,0.0,0.0,0.0,0.0,0.0,0.0,0.0,17.79,0.0,0.0,0.0,0.0,0.0,126.58,0.0,63.95,88.07,0.0,88.07,190.53,17.79,0.0,77.17,0.0,3.0,0.0,6.24,4.65,32.95,172.38,0.0,0.0,0.0,210.32,0.0,4.65,0.0,0.0,0.0,81.42,81.42,210.32,4.65,0.0,0.0,210.32,0.0,5.13,12.78,0.0,1.42,0.0,0.0,66.74,47,ROMA,RM,LAZIO,S,Socio UNICOOP Tirreno,UNICOOP TIRRENO,Donna,Coniugato,CASALINGA,NON DISPONIBILE,ROMA,RM,LAZIO,2002,1.0,0
133.81,6.86,54.0,7.25,0.0,0.0,0.0,0.0,0.0,0.0,0.0,0.0,0.0,0.0,0.0,14.86,0.0,6.0,6.9,0.0,0.0,6.44,0.0,36.09,63.52,0.0,63.52,42.53,27.76,0.0,88.56,0.0,1.67,0.0,20.36,0.0,15.97,7.25,0.0,0.0,0.0,120.65,0.0,1.68,0.0,0.0,0.0,11.48,11.48,120.65,1.68,0.0,0.0,120.65,0.0,4.68,2.12,0.0,0.0,0.0,0.0,6.36,80,GENZANO,RM,LAZIO,S,Socio UNICOOP Tirreno,UNICOOP TIRRENO,Donna,Coniugato,CASALINGA,ELEMENTARE,GENZANO DI ROMA,RM,LAZIO,2001,1.0,0
93.11,12.85,54.0,34.03,0.0,0.0,0.0,0.0,0.0,0.0,0.0,0.0,0.0,0.0,0.0,5.61,0.0,0.0,0.0,0.0,0.0,17.82,0.0,49.51,20.17,0.0,20.17,67.33,5.61,0.0,23.55,0.0,9.82,0.0,2.45,2.78,14.73,34.87,0.0,4.91,0.0,62.05,0.0,7.98,0.0,0.0,0.0,23.08,23.08,62.05,7.98,0.0,0.0,62.05,0.0,6.86,18.56,0.0,0.0,0.0,0.0,5.64,85,PIOMBINO,LI,TOSCANA,S,Socio UNICOOP Tirreno,UNICOOP TIRRENO,Donna,Celibe,CASALINGA,NON DISPONIBILE,PIOMBINO,LI,TOSCANA,1972,1.0,0
10.03,0.19,13.0,0.16,0.0,0.0,0.0,0.0,0.0,0.0,0.0,0.0,0.0,0.0,0.0,0.0,0.0,0.0,0.0,0.0,0.0,0.0,0.0,9.87,0.0,0.16,0.0,9.87,0.0,0.16,4.65,0.0,0.0,0.0,0.0,0.0,5.22,0.16,0.0,0.0,0.0,9.38,0.0,0.0,0.0,0.0,0.0,0.65,0.65,9.38,0.0,0.0,0.0,9.38,0.0,0.0,0.65,0.0,0.0,0.0,0.0,0.0,51,GROSSETO,GR,TOSCANA,G,Socio UNICOOP Tirreno,UNICOOP TIRRENO,Uomo ,Coniugato,OPERAIO,NON DISPONIBILE,GROSSETO,GR,TOSCANA,1994,1.0,1
11.96,0.0,4.0,5.8,0.0,0.0,0.0,0.0,0.0,0.0,0.0,0.0,0.0,0.0,0.0,0.0,5.8,0.0,0.0,0.0,0.0,0.0,0.0,0.0,6.16,0.0,6.16,0.0,5.8,0.0,0.0,0.0,0.0,0.0,6.16,0.0,0.0,5.8,0.0,0.0,0.0,11.96,0.0,0.0,0.0,0.0,0.0,0.0,0.0,11.96,0.0,0.0,0.0,11.96,0.0,0.0,0.0,0.0,0.0,0.0,0.0,0.0,47,VADA,LI,TOSCANA,G,Socio UNICOOP Tirreno,UNICOOP TIRRENO,Donna,Coniugato,LAVORATORE AUTONOMO,MEDIA SUPERIORE,ROSIGNANO MARITTIMO,LI,TOSCANA,2003,0.05638052,1
15.3,1.5,13.0,5.31,0.0,0.0,0.0,0.0,0.0,0.0,0.0,0.0,0.0,0.0,0.0,0.0,0.0,0.0,0.0,0.0,0.0,3.46,0.0,4.05,7.79,0.0,7.79,7.51,0.0,0.0,0.0,0.0,0.0,0.0,4.66,1.28,4.05,5.31,0.0,0.0,0.0,15.3,0.0,0.0,0.0,0.0,0.0,0.0,0.0,15.3,0.0,0.0,0.0,15.3,0.0,0.0,0.0,0.0,0.0,0.0,0.0,0.0,79,LIVORNO,LI,TOSCANA,G,Socio UNICOOP Tirreno,UNICOOP TIRRENO,Uomo ,Coniugato,LIBERO PROFESSIONISTA,MEDIA INFERIORE,LIVORNO,LI,TOSCANA,1990,0.4381443,0
152.13,37.16,78.0,25.33,0.0,0.0,0.0,0.0,0.0,0.0,0.0,0.0,0.0,0.0,0.0,1.98,0.91,0.0,0.0,0.0,0.0,58.67,0.0,70.57,19.76,0.24,19.76,129.24,2.89,0.24,91.17,0.0,2.79,0.0,8.81,0.0,21.65,25.33,0.0,0.0,2.38,96.45,0.0,16.32,1.49,1.38,0.0,36.49,39.36,96.45,15.41,0.0,0.91,96.45,0.0,15.43,18.82,0.0,7.38,0.0,0.0,14.05,71,ROMA,RM,LAZIO,S,Socio UNICOOP Tirreno,UNICOOP TIRRENO,Donna,Coniugato,CASALINGA,MEDIA SUPERIORE,ROMA,RM,LAZIO,2008,1.0,0
305.29,9.31,153.0,181.49,5.95,0.0,0.0,0.0,0.0,0.0,0.0,0.0,0.0,0.0,0.0,44.76,0.0,0.0,0.0,0.0,0.0,81.72,0.0,37.0,141.81,0.0,141.81,118.72,44.76,0.0,91.4,0.0,0.0,0.0,4.08,0.0,17.36,190.35,0.0,0.0,2.1,252.6,0.0,0.0,0.0,0.0,0.0,52.69,52.69,252.6,0.0,0.0,0.0,252.6,0.0,23.33,8.8,0.0,1.66,0.0,0.0,18.9,48,ROMA,RM,LAZIO,I,Socio UNICOOP Tirreno,UNICOOP TIRRENO,Uomo ,Non indicato,IMPIEGATO,NON DISPONIBILE,ROMA,RM,LAZIO,2004,1.0,0
134.43,27.38,61.0,38.3,6.35,0.0,9.12,0.0,0.0,1.36,0.0,0.0,0.0,0.0,0.0,9.84,0.0,0.0,0.0,0.0,0.0,21.05,0.0,6.47,97.07,0.0,97.07,27.52,9.84,0.0,60.65,0.0,9.12,0.0,7.37,0.0,13.48,43.81,0.0,0.0,0.0,57.22,0.0,2.18,0.0,0.0,0.0,75.03,75.03,57.22,2.18,0.0,0.0,57.22,0.0,45.16,1.62,0.0,7.2,0.0,0.0,23.23,38,ROMA,RM,LAZIO,G,Socio UNICOOP Tirreno,UNICOOP TIRRENO,Donna,Celibe,IMPIEGATO,NON DISPONIBILE,ROMA,RM,LAZIO,2008,1.0,0
66.39,0.46,22.0,4.89,0.0,0.0,0.0,0.0,0.0,3.9,0.0,0.0,0.0,0.0,0.0,0.0,18.89,0.0,0.0,0.0,0.0,25.79,0.0,7.2,14.51,0.0,14.51,32.99,18.89,0.0,36.73,0.0,0.0,0.0,5.3,0.0,19.47,4.89,0.0,0.0,0.0,59.69,0.0,0.0,0.0,0.0,0.0,6.7,6.7,59.69,0.0,0.0,0.0,59.69,0.0,1.9,0.0,0.0,1.81,0.0,0.0,2.99,89,VITERBO,VT,LAZIO,I,Socio UNICOOP Tirreno,UNICOOP TIRRENO,Donna,Coniugato,CASALINGA,NON DISPONIBILE,VITERBO,VT,LAZIO,2004,1.0,0
236.04,37.4,164.0,51.82,0.0,0.0,5.49,0.0,0.0,0.0,0.0,0.0,0.0,0.0,0.0,15.53,6.6,0.0,0.0,0.0,0.0,42.66,0.0,61.49,109.76,0.0,109.76,104.15,22.13,0.0,62.76,0.0,11.32,1.38,68.19,0.0,37.5,52.61,0.0,0.0,2.28,129.16,0.0,6.6,0.0,0.0,0.0,100.28,100.28,129.16,0.0,0.0,6.6,129.16,0.0,61.78,10.44,0.0,4.41,0.0,0.0,30.25,61,VADA,LI,TOSCANA,G,Socio UNICOOP Tirreno,UNICOOP TIRRENO,Donna,Coniugato,OPERAIO,NON DISPONIBILE,ROSIGNANO MARITTIMO,LI,TOSCANA,1987,0.93793213,0
147.7,3.48,93.0,39.42,1.7,0.0,0.0,0.0,0.0,0.0,0.0,0.0,0.0,0.0,0.0,4.39,0.0,0.0,0.0,0.0,0.0,24.52,0.0,31.27,87.52,0.0,87.52,55.79,4.39,0.0,52.54,0.0,6.89,0.0,8.25,7.08,30.02,39.42,0.0,0.0,3.5,110.33,0.0,1.68,0.0,0.0,0.0,35.69,35.69,110.33,1.68,0.0,0.0,110.33,0.0,18.57,7.93,0.0,0.0,0.0,0.0,10.87,73,LIVORNO,LI,TOSCANA,I,Socio UNICOOP Tirreno,UNICOOP TIRRENO,Donna,Coniugato,CASALINGA,NON DISPONIBILE,LIVORNO,LI,TOSCANA,1998,0.78655875,0
105.31,8.26,35.0,31.06,5.97,0.0,13.54,0.0,2.86,0.0,0.0,0.0,0.0,0.0,0.0,0.0,0.0,0.0,0.0,0.0,0.0,19.03,0.0,30.24,55.96,0.08,55.96,49.27,0.0,0.08,42.47,0.0,0.0,0.0,7.07,7.16,15.96,32.65,0.0,0.0,0.0,79.34,0.0,3.29,0.0,0.0,0.0,22.68,22.68,79.34,3.29,0.0,0.0,79.34,0.0,10.36,0.98,0.0,0.0,0.0,0.0,14.63,90,LIVORNO,LI,TOSCANA,S,Socio UNICOOP Tirreno,UNICOOP TIRRENO,Donna,Celibe,CASALINGA,NON DISPONIBILE,LIVORNO,LI,TOSCANA,1971,0.87568605,1
78.5,8.33,42.0,28.21,0.0,0.0,0.0,0.0,0.0,0.0,0.0,0.0,0.0,0.0,0.0,21.37,0.0,0.0,0.0,0.0,0.0,25.87,0.0,0.0,31.1,0.16,31.1,25.87,21.37,0.16,28.41,0.0,6.59,0.0,0.79,6.3,0.0,29.66,0.0,0.0,6.75,58.43,0.0,0.0,0.0,0.0,0.0,20.07,20.07,58.43,0.0,0.0,0.0,58.43,0.0,1.79,6.3,0.0,0.0,0.0,0.0,11.98,71,ROMA,RM,LAZIO,I,Socio UNICOOP Tirreno,UNICOOP TIRRENO,Donna,Coniugato,CASALINGA,NON DISPONIBILE,ROMA,RM,LAZIO,2006,1.0,0
50.45,4.46,29.0,15.44,0.0,0.0,0.0,0.0,1.29,0.0,0.0,0.0,0.0,0.0,0.0,5.01,1.0,0.0,0.0,0.0,0.0,18.33,0.0,9.73,16.3,0.08,16.3,28.06,6.01,0.08,18.34,0.0,5.01,2.47,3.34,1.29,1.78,17.02,0.0,0.0,1.2,34.25,0.0,0.0,0.0,0.0,0.0,16.2,16.2,34.25,0.0,0.0,0.0,34.25,0.0,3.28,4.91,0.0,0.0,0.0,0.0,8.01,46,VITERBO,VT,LAZIO,I,Socio UNICOOP Tirreno,UNICOOP TIRRENO,Donna,Coniugato,CASALINGA,NON DISPONIBILE,MONTEFIASCONE,VT,LAZIO,2000,1.0,0
19.36,0.0,6.0,0.0,0.0,0.0,0.0,0.0,0.0,0.0,0.0,0.0,0.0,0.0,0.0,0.0,0.0,0.0,0.0,0.0,0.0,2.42,0.0,16.94,0.0,0.0,0.0,19.36,0.0,0.0,8.05,0.0,0.0,0.0,0.0,0.0,11.31,0.0,0.0,0.0,0.0,19.36,0.0,0.0,0.0,0.0,0.0,0.0,0.0,19.36,0.0,0.0,0.0,19.36,0.0,0.0,0.0,0.0,0.0,0.0,0.0,0.0,73,CECINA,LI,TOSCANA,S,Socio UNICOOP Tirreno,UNICOOP TIRRENO,Uomo ,Coniugato,PENSIONATO,NON DISPONIBILE,ROSIGNANO MARITTIMO,LI,TOSCANA,2009,1.0,0
193.48,11.79,158.0,82.94,13.6,0.0,6.3,8.03,0.0,0.0,0.0,0.0,0.0,0.0,0.0,33.03,0.0,0.0,0.0,0.0,0.0,68.28,0.0,43.12,48.33,0.72,48.33,111.4,33.03,0.72,44.17,0.0,4.34,0.0,28.62,0.0,19.71,89.94,0.0,2.84,3.86,157.13,0.0,1.68,0.0,0.0,0.0,34.67,34.67,157.13,1.68,0.0,0.0,157.13,0.0,1.79,1.68,0.0,8.03,0.0,0.0,24.85,61,PORTO ERCOLE,GR,TOSCANA,G,Socio UNICOOP Tirreno,UNICOOP TIRRENO,Uomo ,Coniugato,OPERAIO,MEDIA INFERIORE,MONTE ARGENTARIO,GR,TOSCANA,2001,0.6823006,0
3.84,0.0,2.0,0.0,0.0,0.0,0.0,0.0,0.0,0.0,0.0,0.0,0.0,0.0,0.0,0.0,0.0,0.0,0.0,0.0,0.0,0.0,0.0,0.0,3.84,0.0,3.84,0.0,0.0,0.0,3.84,0.0,0.0,0.0,0.0,0.0,0.0,0.0,0.0,0.0,0.0,3.84,0.0,0.0,0.0,0.0,0.0,0.0,0.0,3.84,0.0,0.0,0.0,3.84,0.0,0.0,0.0,0.0,0.0,0.0,0.0,0.0,44,SAN VINCENZO,LI,TOSCANA,S,Socio UNICOOP Tirreno,UNICOOP TIRRENO,Uomo ,Coniugato,OPERAIO,NON DISPONIBILE,SAN VINCENZO,LI,TOSCANA,1989,1.0,0
68.84,8.55,36.0,10.25,0.0,0.0,0.0,0.0,2.88,0.0,0.0,0.0,0.0,0.0,0.0,0.0,4.0,0.0,0.0,0.0,0.0,3.92,3.5,34.11,23.31,0.0,23.31,38.03,7.5,0.0,39.42,0.0,2.88,0.0,3.15,0.0,11.55,11.84,0.0,0.0,0.0,52.67,0.0,0.0,0.0,0.0,0.0,16.17,16.17,52.67,0.0,0.0,0.0,52.67,0.0,2.59,3.71,0.0,0.0,0.0,0.0,9.87,83,TARQUINIA,VT,LAZIO,S,Socio UNICOOP Tirreno,UNICOOP TIRRENO,Uomo ,Coniugato,AGRICOLTORE,NON DISPONIBILE,TARQUINIA,VT,LAZIO,1981,1.0,0
164.58,13.3,80.0,31.05,0.61,0.0,0.0,0.0,0.0,0.0,0.0,0.0,0.0,0.0,4.0,7.94,0.0,3.0,4.19,0.0,0.0,34.81,0.0,87.49,22.75,0.4,22.75,122.3,15.13,4.4,116.99,0.0,1.42,0.0,0.0,0.0,11.16,32.53,0.0,0.0,2.48,144.08,0.0,0.0,0.0,0.0,0.0,20.5,17.81,144.08,2.69,0.0,0.0,144.08,0.0,1.59,6.84,0.0,0.0,0.0,0.0,12.07,58,NAPOLI,NA,CAMPANIA,S,Socio UNICOOP Tirreno,UNICOOP TIRRENO,Uomo ,Coniugato,LIBERO PROFESSIONISTA,LAUREA,NAPOLI,NA,CAMPANIA,1999,1.0,0
15.97,0.0,5.0,0.0,0.0,0.0,0.0,0.0,0.0,0.0,0.0,0.0,0.0,0.0,0.0,0.0,0.0,0.0,0.0,0.0,0.0,0.0,6.05,9.92,0.0,0.0,0.0,9.92,6.05,0.0,6.05,0.0,0.0,0.0,0.0,0.0,9.92,0.0,0.0,0.0,0.0,15.97,0.0,0.0,0.0,0.0,0.0,0.0,0.0,15.97,0.0,0.0,0.0,15.97,0.0,0.0,0.0,0.0,0.0,0.0,0.0,0.0,80,FOLLONICA,GR,TOSCANA,S,Socio UNICOOP Tirreno,UNICOOP TIRRENO,Uomo ,Coniugato,LAVORATORE AUTONOMO,MEDIA INFERIORE,PIOMBINO,LI,TOSCANA,2001,0.69707555,0
7.59,0.16,6.0,2.56,0.0,1.39,0.0,0.0,0.0,0.0,0.0,0.0,0.0,0.0,0.0,0.0,0.0,0.0,0.0,0.0,0.0,2.89,0.0,1.84,2.86,0.0,2.86,4.73,0.0,0.0,5.03,0.0,0.0,0.0,0.0,0.0,0.0,2.56,0.0,0.0,0.0,6.2,0.0,0.0,0.0,0.0,0.0,1.39,1.39,6.2,0.0,0.0,0.0,6.2,0.0,1.39,0.0,0.0,0.0,0.0,0.0,0.0,77,PORTOFERRAIO,LI,TOSCANA,S,Socio UNICOOP Tirreno,UNICOOP TIRRENO,Donna,Coniugato,PENSIONATO,NON DISPONIBILE,PORTOFERRAIO,LI,TOSCANA,2003,1.0,0
452.03,29.19,221.0,99.25,0.0,0.0,0.0,0.0,1.42,0.0,0.0,0.0,0.0,0.0,0.0,19.23,10.92,0.0,7.9,0.0,0.0,78.63,0.0,193.61,141.34,0.4,141.34,272.24,38.05,0.4,200.16,0.0,3.96,2.48,19.64,15.75,83.8,123.79,0.0,0.0,2.45,372.75,0.0,0.0,0.0,0.0,0.0,79.28,79.28,372.75,0.0,0.0,0.0,372.75,0.0,31.55,21.9,0.0,0.0,0.0,0.0,25.83,60,GENZANO,RM,LAZIO,S,Socio UNICOOP Tirreno,UNICOOP TIRRENO,Donna,Coniugato,LIBERO PROFESSIONISTA,NON DISPONIBILE,CIAMPINO,RM,LAZIO,2003,1.0,0
320.1,61.75,149.0,60.62,0.78,0.0,4.72,0.0,0.0,0.0,0.0,0.0,0.0,0.0,0.0,14.4,13.37,36.26,10.9,0.0,0.0,107.68,0.0,53.25,84.24,0.0,84.24,160.93,74.93,0.0,156.39,0.0,0.27,3.99,32.46,14.56,26.31,83.39,0.0,2.73,0.0,190.49,0.0,36.48,1.49,0.0,0.0,91.64,93.13,190.49,17.58,0.0,18.9,190.49,0.0,40.72,66.5,0.0,0.0,0.0,0.0,22.39,50,TARQUINIA,VT,LAZIO,S,Socio UNICOOP Tirreno,UNICOOP TIRRENO,Donna,Coniugato,ENTE PUBBLICO,NON DISPONIBILE,TARQUINIA,VT,LAZIO,1986,1.0,0
36.4,0.32,12.0,4.14,0.0,1.74,0.0,0.0,0.0,0.0,0.0,0.0,0.0,0.0,0.0,1.28,8.9,0.0,0.0,0.0,0.0,2.39,0.0,2.86,20.97,0.0,20.97,5.25,10.18,0.0,32.26,0.0,0.0,0.0,0.0,0.0,0.0,4.14,0.0,0.0,0.0,32.73,0.0,0.0,0.0,0.0,0.0,3.67,3.67,32.73,0.0,0.0,0.0,32.73,0.0,0.0,2.39,0.0,0.0,0.0,0.0,1.28,72,LIVORNO,LI,TOSCANA,I,Socio UNICOOP Tirreno,UNICOOP TIRRENO,Donna,Celibe,IMPIEGATO,NON DISPONIBILE,LIVORNO,LI,TOSCANA,1988,0.57695353,1
197.21,21.37,131.0,74.24,0.0,0.0,0.0,0.0,0.0,0.0,0.0,0.0,0.0,0.0,0.0,25.83,3.5,2.0,0.0,0.0,0.0,44.37,0.0,66.02,55.41,0.08,55.41,110.39,31.33,0.08,59.95,0.0,3.72,3.99,6.69,8.57,25.38,75.43,0.0,4.36,9.12,140.52,0.0,7.71,0.0,0.0,0.0,48.98,48.98,140.52,6.49,0.0,1.22,140.52,0.0,11.44,22.59,0.0,0.0,0.0,0.0,22.66,70,AVENZA,MS,TOSCANA,S,Socio UNICOOP Tirreno,UNICOOP TIRRENO,Donna,Coniugato,CASALINGA,NON DISPONIBILE,CARRARA,MS,TOSCANA,1984,1.0,0
66.05,0.86,13.0,6.65,6.65,0.0,0.0,0.0,0.0,0.0,0.0,0.0,0.0,0.0,0.0,3.48,0.0,0.0,0.0,0.0,0.0,10.85,0.0,49.42,2.3,0.0,2.3,60.27,3.48,0.0,44.53,0.0,0.0,0.0,1.99,0.0,8.83,6.65,0.0,0.0,4.05,64.56,0.0,0.0,0.0,0.0,0.0,1.49,1.49,64.56,0.0,0.0,0.0,64.56,0.0,1.49,0.0,0.0,0.0,0.0,0.0,0.0,63,ORBETELLO,GR,TOSCANA,S,Socio UNICOOP Tirreno,UNICOOP TIRRENO,Donna,Coniugato,CASALINGA,MEDIA INFERIORE,MONTE ARGENTARIO,GR,TOSCANA,2003,0.39736494,1
81.36,1.12,37.0,34.26,0.0,0.0,2.94,0.0,0.0,0.0,0.0,0.0,0.0,0.0,0.0,6.29,0.0,0.0,0.0,0.0,0.0,21.13,0.0,41.32,12.38,0.24,12.38,62.45,6.29,0.24,32.7,0.0,0.0,0.0,3.12,0.0,6.29,39.25,0.0,0.0,0.0,57.97,0.0,0.0,0.0,0.0,0.0,23.39,23.39,57.97,0.0,0.0,0.0,57.97,0.0,2.62,5.22,0.0,8.37,0.0,0.0,7.18,51,ROMA,RM,LAZIO,I,Socio UNICOOP Tirreno,UNICOOP TIRRENO,Donna,Coniugato,CASALINGA,NON DISPONIBILE,ROMA,RM,LAZIO,1991,1.0,0
2.58,0.0,2.0,0.0,0.0,0.0,0.0,0.0,0.0,0.0,0.0,0.0,0.0,0.0,0.0,0.0,0.0,0.0,0.0,0.0,0.0,0.0,0.0,0.0,2.58,0.0,2.58,0.0,0.0,0.0,2.58,0.0,0.0,0.0,0.0,0.0,0.0,0.0,0.0,0.0,0.0,2.58,0.0,0.0,0.0,0.0,0.0,0.0,0.0,2.58,0.0,0.0,0.0,2.58,0.0,0.0,0.0,0.0,0.0,0.0,0.0,0.0,73,ROMA,RM,LAZIO,S,Socio UNICOOP Tirreno,UNICOOP TIRRENO,Uomo ,Coniugato,PENSIONATO,MEDIA SUPERIORE,ROMA,RM,LAZIO,2000,0.016172506,1
19.77,0.87,14.0,11.21,0.0,3.47,0.0,0.0,0.0,0.0,0.0,0.0,0.0,0.0,0.0,0.0,0.0,0.0,10.16,0.0,0.0,0.0,0.0,4.88,4.65,0.08,4.65,4.88,10.16,0.08,7.38,0.0,0.0,0.0,1.18,0.0,0.0,11.21,0.0,0.0,0.0,16.3,0.0,0.0,0.0,0.0,0.0,3.47,3.47,16.3,0.0,0.0,0.0,16.3,0.0,0.0,0.0,0.0,0.0,0.0,0.0,3.47,58,PIOMBINO,LI,TOSCANA,S,Socio UNICOOP Tirreno,UNICOOP TIRRENO,Donna,Coniugato,ARTIGIANO,NON DISPONIBILE,PIOMBINO,LI,TOSCANA,1983,1.0,0
10.0,2.26,5.0,0.0,0.0,0.0,0.0,0.0,0.0,0.0,0.0,0.0,0.0,0.0,0.0,0.0,10.0,0.0,0.0,0.0,0.0,0.0,0.0,0.0,0.0,0.0,0.0,0.0,10.0,0.0,10.0,0.0,0.0,0.0,0.0,0.0,0.0,0.0,0.0,0.0,0.0,0.0,0.0,0.0,0.0,0.0,0.0,10.0,10.0,0.0,0.0,0.0,0.0,0.0,0.0,0.0,10.0,0.0,0.0,0.0,0.0,0.0,90,GROSSETO,GR,TOSCANA,S,Socio UNICOOP Tirreno,UNICOOP TIRRENO,Uomo ,Coniugato,PENSIONATO,MEDIA SUPERIORE,GROSSETO,GR,TOSCANA,2000,0.06379179,1
14.03,0.0,3.0,0.99,0.0,0.0,0.0,0.0,0.0,0.0,0.0,0.0,0.0,0.0,0.0,12.98,0.0,0.0,0.0,0.0,0.0,0.0,0.0,0.0,1.05,0.0,1.05,0.0,12.98,0.0,11.99,0.0,0.0,0.0,0.0,0.0,1.05,0.99,0.0,0.0,0.0,14.03,0.0,0.0,0.0,0.0,0.0,0.0,0.0,14.03,0.0,0.0,0.0,14.03,0.0,0.0,0.0,0.0,0.0,0.0,0.0,0.0,33,ROMA,RM,LAZIO,S,Socio UNICOOP Tirreno,UNICOOP TIRRENO,Uomo ,Celibe,ALTRE PROFESSIONI,NON DISPONIBILE,POMEZIA,RM,LAZIO,2007,1.0,1
47.43,0.0,48.0,15.18,0.0,0.0,0.0,0.0,0.0,0.0,0.0,0.0,0.0,0.0,0.0,9.25,1.2,5.0,0.0,0.0,0.0,9.48,0.0,2.98,19.52,0.0,19.52,12.46,15.45,0.0,17.53,0.0,0.0,0.0,0.0,1.9,9.84,18.16,0.0,0.0,0.0,45.44,0.0,0.0,0.0,0.0,0.0,1.99,1.99,45.44,0.0,0.0,0.0,45.44,0.0,1.99,0.0,0.0,0.0,0.0,0.0,0.0,52,LIVORNO,LI,TOSCANA,I,Socio UNICOOP Tirreno,UNICOOP TIRRENO,Donna,Celibe,IMPIEGATO,MEDIA SUPERIORE,LIVORNO,LI,TOSCANA,2001,0.6861979,0
365.89,15.34,130.0,21.94,2.67,0.0,27.83,0.0,0.0,0.0,0.0,0.0,0.0,0.0,0.0,45.7,93.5,15.6,25.88,0.0,0.0,60.11,0.0,3.78,120.7,0.62,120.7,63.89,180.68,0.62,208.84,0.0,0.0,0.0,65.16,13.97,52.34,21.94,0.0,0.0,3.64,327.48,0.0,0.0,0.0,0.0,0.0,38.41,38.41,327.48,0.0,0.0,0.0,327.48,0.0,1.99,3.64,0.0,17.55,0.0,0.0,15.23,68,GROSSETO,GR,TOSCANA,S,Socio UNICOOP Tirreno,UNICOOP TIRRENO,Donna,Coniugato,CASALINGA,NON DISPONIBILE,MAGLIANO IN TOSCANA,GR,TOSCANA,2003,1.0,1
62.12,8.5,41.0,17.97,3.28,0.0,0.0,0.0,0.0,0.0,0.0,0.0,0.0,0.0,0.0,14.92,0.0,0.0,7.0,0.0,0.0,0.0,0.0,5.83,34.21,0.16,34.21,5.83,21.92,0.16,14.15,0.0,0.0,1.58,1.99,0.0,9.17,34.24,0.0,0.0,0.99,38.85,0.0,0.0,0.0,0.0,0.0,23.27,23.27,38.85,0.0,0.0,0.0,38.85,0.0,16.87,0.0,0.0,0.0,0.0,0.0,6.4,41,ROMA,RM,LAZIO,I,Socio UNICOOP Tirreno,UNICOOP TIRRENO,Donna,Celibe,COOP CONSUMO,NON DISPONIBILE,ROMA,RM,LAZIO,2007,0.9076563,0
176.0,11.11,80.0,51.5,3.73,0.0,0.0,0.0,0.0,0.0,0.0,0.0,0.0,0.0,0.0,14.51,1.99,2.5,0.0,0.0,0.0,40.9,0.0,89.41,26.69,0.0,26.69,130.31,19.0,0.0,100.26,0.0,6.02,0.0,1.42,0.0,15.87,52.43,0.0,0.0,0.0,144.05,0.0,12.12,0.0,0.0,0.0,19.83,19.83,144.05,12.12,0.0,0.0,144.05,0.0,0.0,14.76,0.0,0.0,0.0,0.0,17.19,71,LIVORNO,LI,TOSCANA,S,Socio UNICOOP Tirreno,UNICOOP TIRRENO,Donna,Vedovo,PENSIONATO,MEDIA SUPERIORE,LIVORNO,LI,TOSCANA,1999,0.6021005,0
12.71,0.25,6.0,0.0,0.0,0.0,0.0,0.0,0.0,0.0,0.0,0.0,0.0,0.0,0.0,5.54,0.0,0.0,0.0,0.0,0.0,2.67,0.0,4.5,0.0,0.0,0.0,7.17,5.54,0.0,0.99,0.0,0.0,0.0,7.32,0.0,3.51,0.0,0.0,0.89,0.0,11.73,0.0,0.0,0.0,0.0,0.0,0.98,0.98,11.73,0.0,0.0,0.0,11.73,0.0,0.0,0.98,0.0,0.0,0.0,0.0,0.0,70,LIVORNO,LI,TOSCANA,G,Socio UNICOOP Tirreno,UNICOOP TIRRENO,Donna,Coniugato,IMPIEGATO,NON DISPONIBILE,LIVORNO,LI,TOSCANA,1982,0.2798327,1
13.9,1.08,9.0,6.34,0.0,0.0,0.0,0.0,0.0,0.0,0.0,0.0,0.0,0.0,0.0,0.0,0.0,0.0,0.0,0.0,0.0,5.63,0.0,6.1,2.17,0.0,2.17,11.73,0.0,0.0,6.67,0.0,0.0,0.0,0.0,0.0,0.89,6.34,0.0,0.0,0.0,13.9,0.0,0.0,0.0,0.0,0.0,0.0,0.0,13.9,0.0,0.0,0.0,13.9,0.0,0.0,0.0,0.0,0.0,0.0,0.0,0.0,61,VELLETRI,RM,LAZIO,S,Socio UNICOOP Tirreno,UNICOOP TIRRENO,Donna,Coniugato,ENTE PUBBLICO,MEDIA SUPERIORE,VELLETRI,RM,LAZIO,2000,1.0,1
64.36,0.79,48.0,33.8,0.0,0.0,0.0,0.0,0.0,0.0,0.0,0.0,0.0,0.0,0.0,0.0,2.5,0.0,2.0,0.0,0.0,24.07,0.0,19.3,16.49,0.0,16.49,43.37,4.5,0.0,20.33,0.0,1.69,0.0,0.0,0.0,7.82,34.52,0.0,0.0,0.0,48.71,0.0,0.0,0.0,0.0,0.0,15.65,15.65,48.71,0.0,0.0,0.0,48.71,0.0,1.69,4.5,0.0,0.0,0.0,0.0,9.46,50,LIVORNO,LI,TOSCANA,I,Socio UNICOOP Tirreno,UNICOOP TIRRENO,Donna,Divorziato,IMPIEGATO,MEDIA SUPERIORE,LIVORNO,LI,TOSCANA,1992,0.55434966,0
639.07,106.05,278.0,259.9,29.83,0.0,12.78,2.8,0.0,15.18,0.0,0.0,0.0,0.0,0.0,49.52,16.03,0.0,0.0,0.0,0.0,120.0,0.63,304.03,148.86,0.0,148.86,424.03,66.18,0.0,303.83,0.0,14.58,0.0,12.44,2.99,40.99,263.38,0.0,0.86,0.0,450.93,0.0,22.05,0.0,7.52,0.0,158.57,166.09,450.93,9.87,0.0,12.18,450.93,0.0,36.77,85.61,0.0,1.54,0.0,0.0,64.22,53,POMEZIA,RM,LAZIO,S,Socio UNICOOP Tirreno,UNICOOP TIRRENO,Donna,Non indicato,CASALINGA,NON DISPONIBILE,POMEZIA,RM,LAZIO,2005,0.9877587,0
94.94,26.0,7.0,5.94,0.0,0.0,0.0,0.0,0.0,0.0,0.0,0.0,0.0,0.0,0.0,0.0,89.0,0.0,0.0,0.0,0.0,5.94,0.0,0.0,0.0,0.0,0.0,5.94,89.0,0.0,0.0,0.0,89.0,0.0,0.0,0.0,0.0,5.94,0.0,0.0,0.0,5.94,0.0,89.0,0.0,0.0,0.0,0.0,0.0,5.94,0.0,0.0,89.0,5.94,0.0,0.0,89.0,0.0,0.0,0.0,0.0,0.0,61,ROMA,RM,LAZIO,I,Socio UNICOOP Tirreno,UNICOOP TIRRENO,Uomo ,Coniugato,IMPIEGATO,NON DISPONIBILE,ROMA,RM,LAZIO,1991,1.0,1
98.8,8.58,76.0,6.42,0.0,0.0,0.0,0.0,0.0,0.0,0.0,0.0,0.0,0.0,0.0,7.99,0.0,0.0,0.0,0.0,0.0,14.29,0.0,10.86,65.66,0.0,65.66,25.15,7.99,0.0,68.88,0.0,0.0,0.79,9.94,0.0,11.33,6.42,0.0,1.44,0.0,58.01,0.0,15.47,0.0,0.0,0.0,25.32,25.32,58.01,15.47,0.0,0.0,58.01,0.0,26.86,8.95,0.0,0.0,0.0,0.0,4.98,61,LIVORNO,LI,TOSCANA,I,Socio UNICOOP Tirreno,UNICOOP TIRRENO,Donna,Coniugato,CASALINGA,NON DISPONIBILE,LIVORNO,LI,TOSCANA,1997,1.0,0
22.87,5.5,20.0,7.02,0.0,0.0,0.0,0.0,0.0,0.0,0.0,0.0,0.0,0.0,0.0,0.0,0.0,0.0,0.0,0.0,0.0,2.04,0.0,17.09,3.74,0.0,3.74,19.13,0.0,0.0,11.99,0.0,0.0,0.0,0.0,0.0,1.54,7.02,0.0,1.14,1.18,12.22,0.0,0.0,0.0,0.0,0.0,10.65,5.7,12.22,4.95,0.0,0.0,12.22,0.0,0.0,0.0,0.0,1.39,0.0,0.0,9.26,56,COLLESALVETTI,LI,TOSCANA,G,Socio UNICOOP Tirreno,UNICOOP TIRRENO,Donna,Divorziato,CASALINGA,NON DISPONIBILE,LIVORNO,LI,TOSCANA,1984,0.38651344,1
55.2,37.25,14.0,2.12,0.0,0.0,0.0,0.0,0.0,0.0,0.0,0.0,0.0,0.0,0.0,0.0,0.0,8.9,0.0,0.0,0.0,2.89,0.0,3.74,39.67,0.0,39.67,6.63,8.9,0.0,31.77,0.0,2.0,0.0,0.0,0.0,18.31,2.12,0.0,0.0,1.0,3.05,0.0,26.97,0.0,0.0,0.0,25.18,22.49,3.05,29.66,0.0,0.0,3.05,0.0,35.55,14.48,0.0,0.0,0.0,0.0,2.12,99,SAN VINCENZO,LI,TOSCANA,S,Socio UNICOOP Tirreno,UNICOOP TIRRENO,Uomo ,Coniugato,PENSIONATO,NON DISPONIBILE,SAN VINCENZO,LI,TOSCANA,1986,0.6686047,1
254.14,32.28,160.0,51.03,0.0,0.0,0.0,0.0,0.0,0.0,0.0,0.0,0.0,0.0,0.0,13.06,3.8,10.0,0.0,0.0,0.0,69.28,7.95,73.29,76.44,0.32,76.44,142.57,34.81,0.32,114.39,0.0,7.11,0.0,19.64,0.0,47.62,58.23,0.0,7.15,0.0,195.49,0.0,5.67,0.0,1.98,0.0,51.0,52.98,195.49,5.67,0.0,0.0,195.49,0.0,13.7,26.36,0.0,1.4,1.5,0.0,15.69,46,CIVITAVECCHIA,RM,LAZIO,S,Socio UNICOOP Tirreno,UNICOOP TIRRENO,Donna,Coniugato,OPERAIO,MEDIA INFERIORE,CIVITAVECCHIA,RM,LAZIO,2005,1.0,0
741.14,32.44,287.0,203.52,0.0,0.0,3.47,2.95,0.0,0.0,0.0,0.0,0.0,0.0,0.0,23.69,0.0,3.5,0.0,0.0,0.0,148.99,0.0,428.34,136.62,0.0,136.62,577.33,27.19,0.0,397.6,0.0,10.13,0.0,40.64,4.61,64.11,204.28,0.0,3.62,16.15,640.02,0.0,0.0,1.49,1.97,0.0,97.66,88.23,640.02,12.89,0.0,0.0,640.02,0.0,15.7,35.13,0.0,6.28,0.0,0.0,44.01,76,CECINA,LI,TOSCANA,S,Socio UNICOOP Tirreno,UNICOOP TIRRENO,Uomo ,Celibe,PENSIONATO,NON DISPONIBILE,CECINA,LI,TOSCANA,1998,1.0,0
150.74,16.75,88.0,65.76,0.0,0.0,0.0,0.0,1.01,0.0,0.0,0.0,0.0,0.0,0.0,2.29,0.0,0.0,8.9,0.0,0.0,40.88,4.6,27.69,65.9,0.48,65.9,68.57,15.79,0.48,54.99,0.0,9.65,0.0,9.48,2.97,3.45,66.72,0.0,0.0,3.48,93.89,0.0,0.0,0.0,0.0,0.0,56.85,56.85,93.89,0.0,0.0,0.0,93.89,0.0,23.22,12.59,0.0,0.0,0.0,0.0,21.04,51,PIOMBINO,LI,TOSCANA,S,Socio UNICOOP Tirreno,UNICOOP TIRRENO,Donna,Coniugato,DISOCCUPATO,NON DISPONIBILE,PIOMBINO,LI,TOSCANA,1989,1.0,0
3.13,0.0,2.0,0.0,0.0,0.0,0.0,0.0,0.0,0.0,0.0,0.0,0.0,0.0,0.0,0.0,0.0,0.0,0.0,0.0,0.0,0.0,0.0,3.13,0.0,0.0,0.0,3.13,0.0,0.0,3.13,0.0,0.0,0.0,0.0,0.0,0.0,0.0,0.0,0.0,0.0,3.13,0.0,0.0,0.0,0.0,0.0,0.0,0.0,3.13,0.0,0.0,0.0,3.13,0.0,0.0,0.0,0.0,0.0,0.0,0.0,0.0,72,CECINA,LI,TOSCANA,S,Socio UNICOOP Tirreno,UNICOOP TIRRENO,Uomo ,Coniugato,OPERAIO,NON DISPONIBILE,ROSIGNANO MARITTIMO,LI,TOSCANA,1981,0.008044411,1
34.33,15.43,17.0,7.31,0.0,0.0,0.0,0.0,0.0,0.0,0.0,0.0,0.0,0.0,0.0,4.85,0.0,0.0,0.0,0.0,0.0,9.71,0.0,5.11,14.66,0.0,14.66,14.82,4.85,0.0,17.42,0.0,1.26,0.0,4.41,0.0,3.93,7.31,0.0,0.0,0.0,12.65,0.0,10.98,0.0,0.0,0.0,10.7,10.7,12.65,10.98,0.0,0.0,12.65,0.0,10.98,3.39,0.0,0.0,0.0,0.0,7.31,73,LIVORNO,LI,TOSCANA,S,Socio UNICOOP Tirreno,UNICOOP TIRRENO,Donna,Coniugato,ENTE PUBBLICO,MEDIA SUPERIORE,PIOMBINO,LI,TOSCANA,2004,0.1647471,1
25.94,1.4,14.0,12.12,0.0,0.0,0.0,0.0,0.0,0.0,0.0,0.0,0.0,0.0,0.0,7.78,0.0,0.0,9.0,0.0,0.0,0.0,0.0,0.0,8.26,0.9,8.26,0.0,16.78,0.9,1.21,0.0,4.26,0.0,5.19,0.0,1.78,12.12,0.0,0.0,1.38,22.78,0.0,0.0,0.0,0.0,0.0,3.16,3.16,22.78,0.0,0.0,0.0,22.78,0.0,1.38,0.0,0.0,0.0,0.0,0.0,1.78,70,ROMA,RM,LAZIO,S,Socio UNICOOP Tirreno,UNICOOP TIRRENO,Donna,Non indicato,CASALINGA,NON DISPONIBILE,ROMA,RM,LAZIO,2003,1.0,1
280.58,13.68,165.0,16.41,47.36,0.0,0.0,0.0,0.0,0.0,0.0,0.0,0.0,0.0,0.0,16.63,0.0,5.5,0.0,0.0,0.0,39.7,6.23,46.65,165.87,0.0,165.87,86.35,28.36,0.0,181.53,0.0,34.85,4.4,2.91,17.13,23.35,16.41,0.0,0.0,0.0,246.75,0.0,0.0,0.0,0.0,0.0,33.83,33.83,246.75,0.0,0.0,0.0,246.75,0.0,23.21,0.0,0.0,0.0,0.0,0.0,10.62,51,CIVITA CASTELLANA,VT,LAZIO,S,Socio UNICOOP Tirreno,UNICOOP TIRRENO,Donna,Non indicato,NON INDICATA,NON DISPONIBILE,CORCHIANO,VT,LAZIO,2002,0.9145073,0
101.15,3.48,45.0,23.13,0.0,0.0,0.0,0.0,0.0,0.0,0.0,0.0,0.0,0.0,0.0,0.0,3.5,4.0,0.0,0.0,0.0,20.37,0.0,46.71,26.57,0.0,26.57,67.08,7.5,0.0,38.54,0.0,4.18,1.7,0.0,0.0,19.2,27.13,0.0,10.4,0.0,66.54,0.0,0.0,0.0,0.0,0.0,34.61,34.61,66.54,0.0,0.0,0.0,66.54,0.0,16.95,1.7,0.0,0.0,0.0,0.0,15.96,70,LIVORNO,LI,TOSCANA,I,Socio UNICOOP Tirreno,UNICOOP TIRRENO,Uomo ,Coniugato,PENSIONATO,MEDIA INFERIORE,LIVORNO,LI,TOSCANA,2003,1.0,0
87.16,7.62,53.0,42.81,0.0,0.0,0.0,0.0,0.0,0.0,0.0,0.0,0.0,0.0,0.0,0.0,0.0,0.0,0.0,0.0,0.0,19.36,0.0,48.97,18.51,0.32,18.51,68.33,0.0,0.32,23.59,0.0,2.15,0.0,6.87,0.0,10.88,43.67,0.0,0.0,0.0,74.9,0.0,7.33,0.0,0.0,0.0,4.93,4.93,74.9,7.33,0.0,0.0,74.9,0.0,0.0,7.33,0.0,0.0,0.0,0.0,4.93,37,SAN VINCENZO,LI,TOSCANA,G,Socio UNICOOP Tirreno,UNICOOP TIRRENO,Uomo ,Coniugato,LAVORATORE AUTONOMO,ELEMENTARE,SAN VINCENZO,LI,TOSCANA,2006,0.78529596,0
11.18,1.5,9.0,1.79,0.0,0.0,0.0,0.0,0.0,0.0,0.0,0.0,0.0,0.0,0.0,0.0,0.0,0.0,0.0,0.0,0.0,1.99,0.0,4.21,4.98,0.0,4.98,6.2,0.0,0.0,4.98,0.0,0.0,0.0,0.72,0.0,2.4,1.79,0.0,0.0,1.29,11.18,0.0,0.0,0.0,0.0,0.0,0.0,0.0,11.18,0.0,0.0,0.0,11.18,0.0,0.0,0.0,0.0,0.0,0.0,0.0,0.0,62,VITERBO,VT,LAZIO,I,Socio UNICOOP Tirreno,UNICOOP TIRRENO,Donna,Coniugato,INSEGNANTE,MEDIA SUPERIORE,FABRICA DI ROMA,VT,LAZIO,1988,0.07274857,1
61.95,2.04,30.0,10.75,1.85,0.0,0.0,0.0,0.0,0.0,0.0,0.0,0.0,0.0,0.0,0.0,18.7,1.2,0.0,0.0,0.0,0.0,0.0,5.94,35.87,0.24,35.87,5.94,19.9,0.24,40.09,0.0,0.0,0.0,0.0,2.43,6.48,10.75,0.0,0.0,2.2,55.79,0.0,0.0,0.0,0.0,0.0,6.16,6.16,55.79,0.0,0.0,0.0,55.79,0.0,0.0,0.0,0.0,0.0,0.0,0.0,6.16,70,COLLEFERRO,RM,LAZIO,S,Socio UNICOOP Tirreno,UNICOOP TIRRENO,Donna,Coniugato,PENSIONATO,MEDIA INFERIORE,COLLEFERRO,RM,LAZIO,2002,1.0,0
301.56,96.39,119.0,87.51,0.0,0.0,0.0,0.0,0.0,0.0,0.0,0.0,0.0,0.0,0.0,2.49,0.0,0.0,0.0,0.0,0.0,72.69,0.0,161.91,64.31,0.16,64.31,234.6,2.49,0.16,140.33,0.0,15.6,0.0,6.91,4.65,30.35,92.91,0.0,2.5,8.31,108.53,0.0,12.63,0.0,0.0,0.0,180.4,146.93,108.53,46.1,0.0,0.0,108.53,0.0,52.43,61.37,0.0,9.77,0.0,0.0,69.46,58,ROMA,RM,LAZIO,S,Socio UNICOOP Tirreno,UNICOOP TIRRENO,Uomo ,Coniugato,IMPIEGATO,NON DISPONIBILE,ROMA,RM,LAZIO,1984,0.95057374,0
26.0,12.76,16.0,4.04,0.0,0.0,0.0,0.0,0.0,0.0,0.0,0.0,0.0,0.0,0.0,0.0,4.4,1.0,0.0,0.0,0.0,0.0,0.0,4.87,15.65,0.08,15.65,4.87,5.4,0.08,19.89,0.0,0.0,0.0,0.0,0.0,1.59,4.04,0.0,0.0,0.48,7.78,0.0,15.67,0.0,1.96,0.0,0.59,2.55,7.78,11.27,0.0,4.4,7.78,0.0,11.86,6.36,0.0,0.0,0.0,0.0,0.0,34,CASTEL GANDOLFO,RM,LAZIO,S,Socio UNICOOP Tirreno,UNICOOP TIRRENO,Donna,Non indicato,CASALINGA,NON DISPONIBILE,ALBANO LAZIALE,RM,LAZIO,2009,1.0,1
238.92,24.84,136.0,63.84,1.96,0.0,0.0,5.78,0.0,0.0,0.0,0.0,0.0,0.0,0.0,15.63,7.19,0.0,0.0,0.0,0.0,64.1,0.0,116.7,35.3,0.0,35.3,180.8,22.82,0.0,85.2,0.0,5.37,0.0,2.12,0.0,71.0,67.56,0.0,4.78,2.89,174.97,0.0,14.48,0.0,0.0,0.0,49.47,43.25,174.97,13.51,0.0,7.19,177.31,0.0,4.99,19.55,0.0,13.95,0.0,0.0,23.12,64,CIVITELLA-PAGANICO,GR,TOSCANA,G,Socio UNICOOP Tirreno,UNICOOP TIRRENO,Donna,Vedovo,CASALINGA,NON DISPONIBILE,CIVITELLA PAGANICO,GR,TOSCANA,2007,1.0,0
3.44,0.0,3.0,0.0,0.0,0.0,0.0,0.0,0.0,0.0,0.0,0.0,0.0,0.0,0.0,0.0,0.0,0.0,0.0,0.0,0.0,0.0,0.0,3.44,0.0,0.0,0.0,3.44,0.0,0.0,2.94,0.0,0.0,0.0,0.0,0.0,0.5,0.0,0.0,0.0,0.0,3.44,0.0,0.0,0.0,0.0,0.0,0.0,0.0,3.44,0.0,0.0,0.0,3.44,0.0,0.0,0.0,0.0,0.0,0.0,0.0,0.0,77,GROSSETO,GR,TOSCANA,G,Socio UNICOOP Tirreno,UNICOOP TIRRENO,Uomo ,Coniugato,LIBERO PROFESSIONISTA,NON DISPONIBILE,GROSSETO,GR,TOSCANA,1969,1.0,1
19.42,2.88,11.0,0.0,3.41,0.0,0.0,0.0,0.0,0.0,0.0,0.0,0.0,0.0,0.0,0.0,2.2,0.0,0.0,0.0,0.0,1.57,0.0,12.24,3.41,0.0,3.41,13.81,2.2,0.0,18.57,0.0,0.0,0.0,0.0,0.0,0.85,0.0,0.0,0.0,0.0,14.67,0.0,2.2,0.0,0.0,0.0,2.55,2.55,14.67,0.0,0.0,2.2,14.67,0.0,0.0,4.75,0.0,0.0,0.0,0.0,0.0,53,CERVETERI,RM,LAZIO,S,Socio UNICOOP Tirreno,UNICOOP TIRRENO,Donna,Celibe,IMPIEGATO,MEDIA SUPERIORE,ROMA,RM,LAZIO,2008,0.38168243,1
287.13,61.03,162.0,66.11,0.0,0.0,2.9,0.0,0.0,0.0,0.0,0.0,0.0,0.0,0.0,36.84,1.9,31.86,34.9,0.0,0.0,43.64,0.0,66.02,71.97,0.0,71.97,109.66,105.5,0.0,138.88,0.0,8.36,2.69,19.9,3.18,26.85,70.88,0.0,10.0,6.39,171.04,0.0,55.49,0.0,0.0,0.0,60.6,55.22,171.04,27.07,0.0,33.8,171.04,0.0,36.41,60.4,0.0,0.0,0.0,0.0,19.28,52,GROSSETO,GR,TOSCANA,S,Socio UNICOOP Tirreno,UNICOOP TIRRENO,Uomo ,Coniugato,OPERAIO,NON DISPONIBILE,GROSSETO,GR,TOSCANA,1994,1.0,0
87.93,0.76,59.0,21.82,3.77,0.0,0.0,0.0,0.0,0.0,0.0,0.0,0.0,0.0,0.0,2.15,0.0,0.0,0.0,0.0,0.0,25.18,0.0,14.02,46.26,0.32,46.26,39.2,2.15,0.32,22.47,0.0,0.0,3.26,10.93,0.0,13.74,21.82,0.0,0.0,15.71,84.19,0.0,0.0,0.0,0.0,0.0,3.74,3.74,84.19,0.0,0.0,0.0,84.19,0.0,1.59,0.0,0.0,0.0,0.0,0.0,2.15,33,MOLA -PORTO AZZURRO-,LI,TOSCANA,G,Socio UNICOOP Tirreno,UNICOOP TIRRENO,Donna,Coniugato,IMPIEGATO,MEDIA SUPERIORE,CAPOLIVERI,LI,TOSCANA,2009,0.37192282,1
57.58,0.86,36.0,10.65,0.0,0.0,6.33,0.0,0.0,0.0,0.0,0.0,0.0,0.0,0.0,1.3,0.0,0.0,0.0,0.0,0.0,16.83,0.0,20.89,17.66,0.9,17.66,37.72,1.3,0.9,18.17,0.0,0.0,0.0,21.25,0.0,7.51,10.65,0.0,0.0,0.0,55.62,0.0,0.0,0.0,0.0,0.0,1.96,1.96,55.62,0.0,0.0,0.0,55.62,0.0,0.0,0.0,0.0,1.96,0.0,0.0,0.0,48,LIVORNO,LI,TOSCANA,G,Socio UNICOOP Tirreno,UNICOOP TIRRENO,Donna,Coniugato,CASALINGA,MEDIA SUPERIORE,LIVORNO,LI,TOSCANA,2001,0.6824701,1
22.94,0.0,5.0,15.5,0.0,0.0,0.0,0.0,0.0,0.0,0.0,0.0,0.0,0.0,0.0,0.0,0.0,15.5,0.0,0.0,0.0,0.0,0.0,1.98,5.46,0.0,5.46,1.98,15.5,0.0,5.46,0.0,0.0,0.0,0.0,0.0,1.98,15.5,0.0,0.0,0.0,22.94,0.0,0.0,0.0,0.0,0.0,0.0,0.0,22.94,0.0,0.0,0.0,22.94,0.0,0.0,0.0,0.0,0.0,0.0,0.0,0.0,67,ROMA,RM,LAZIO,S,Socio UNICOOP Tirreno,UNICOOP TIRRENO,Donna,Non indicato,IMPIEGATO,NON DISPONIBILE,ROMA,RM,LAZIO,2004,1.0,1
19.14,5.0,9.0,0.63,0.0,0.0,0.0,0.0,0.0,0.0,0.0,0.0,0.0,0.0,0.0,7.92,0.0,0.0,0.0,0.0,0.0,3.79,0.0,6.19,1.24,0.0,1.24,9.98,7.92,0.0,16.11,0.0,1.24,0.0,0.0,0.0,1.16,0.63,0.0,0.0,0.0,11.22,0.0,0.0,0.0,0.0,0.0,7.92,7.92,11.22,0.0,0.0,0.0,11.22,0.0,7.92,0.0,0.0,0.0,0.0,0.0,0.0,69,LIVORNO,LI,TOSCANA,G,Socio UNICOOP Tirreno,UNICOOP TIRRENO,Donna,Coniugato,CASALINGA,MEDIA INFERIORE,LIVORNO,LI,TOSCANA,2006,0.043547507,0
398.6,29.54,122.0,51.32,4.47,0.0,0.0,0.0,1.19,0.0,0.0,0.0,0.0,0.0,0.0,13.67,70.52,2.5,0.0,0.0,0.0,82.14,115.1,46.26,68.41,0.0,68.41,128.4,201.79,0.0,262.34,0.0,12.61,0.0,20.93,1.19,24.07,76.87,0.59,0.0,0.0,238.05,0.0,23.42,0.0,0.0,0.0,137.13,137.13,238.05,23.42,0.0,0.0,238.05,0.0,62.25,61.92,0.0,0.0,0.0,0.0,36.38,48,ROMA,RM,LAZIO,I,Socio UNICOOP Tirreno,UNICOOP TIRRENO,Donna,Coniugato,CASALINGA,NON DISPONIBILE,ROMA,RM,LAZIO,2008,1.0,0
76.75,6.0,31.0,21.22,0.0,0.0,0.0,0.0,1.55,0.0,0.0,0.0,0.0,0.0,0.0,21.44,0.0,0.0,12.9,0.0,0.0,9.31,0.0,16.85,16.25,0.0,16.25,26.16,34.34,0.0,23.02,0.0,2.22,0.0,18.45,0.0,6.98,22.51,1.29,2.28,0.0,59.8,0.0,12.9,0.0,0.0,0.0,4.05,4.05,59.8,0.0,0.0,12.9,59.8,0.0,0.65,16.3,0.0,0.0,0.0,0.0,0.0,63,FONTE NUOVA,RM,LAZIO,S,Socio UNICOOP Tirreno,UNICOOP TIRRENO,Donna,Coniugato,ENTE PUBBLICO,NON DISPONIBILE,ROMA,RM,LAZIO,1984,1.0,1
23.34,8.37,18.0,8.02,0.0,0.0,0.0,0.0,0.0,0.0,0.0,0.0,0.0,0.0,0.0,0.0,3.0,0.0,0.0,0.0,0.0,5.34,0.0,10.34,4.66,0.0,4.66,15.68,3.0,0.0,4.98,0.0,0.0,0.0,0.0,0.0,6.28,12.08,0.0,0.0,0.0,10.85,0.0,1.68,0.0,0.0,0.0,10.81,8.12,10.85,4.37,0.0,0.0,10.85,0.0,1.98,6.95,0.0,0.0,0.0,0.0,3.56,44,FROSINONE,FR,LAZIO,S,Socio UNICOOP Tirreno,UNICOOP TIRRENO,Donna,Coniugato,IMPIEGATO,LAUREA,FERENTINO,FR,LAZIO,1991,1.0,1
94.43,6.58,35.0,14.77,0.0,0.0,0.0,0.0,0.0,0.0,0.0,0.0,0.0,0.0,0.0,40.12,0.0,0.0,0.0,0.0,0.0,11.07,0.0,32.15,11.09,0.0,11.09,43.22,40.12,0.0,52.95,0.0,1.69,0.0,1.28,11.43,12.31,14.77,0.0,0.0,0.0,83.57,0.0,0.0,0.0,0.0,0.0,10.86,10.86,83.57,0.0,0.0,0.0,83.57,0.0,3.99,3.48,0.0,0.0,0.0,0.0,3.39,74,VITERBO,VT,LAZIO,S,Socio UNICOOP Tirreno,UNICOOP TIRRENO,Donna,Coniugato,CASALINGA,NON DISPONIBILE,VITERBO,VT,LAZIO,1996,1.0,0
